geoid,NAME,state_abbr,total_units,permits_per_1000_housing_units,mobile_home_share,RISK_SCORE,RISK_RATNG,SOVI_SCORE,SOVI_RATNG,RESL_SCORE,RESL_RATNG
12107,"Putnam County, Florida",FL,124,3.3454741670039123,0.4373667880750034,79.73918575063614,Relatively Low,79.67557252,Relatively High,13.19974554707379,Very Low
45089,"Williamsburg County, South Carolina",SC,33,2.2137250955926744,0.394646810223385,82.06106870229007,Relatively Moderate,90.58524173,Very High,21.342239185750635,Relatively Low
12093,"Okeechobee County, Florida",FL,88,4.73831574413095,0.3894572474693086,80.27989821882952,Relatively Low,87.91348601,Very High,2.9580152671755724,Very Low
45025,"Chesterfield County, South Carolina",SC,119,5.709350861200403,0.3753778246893441,73.9821882951654,Relatively Low,83.30152672,Very High,19.783715012722645,Very Low
37155,"Robeson County, North Carolina",NC,399,8.124452770255136,0.3748243774307181,91.0941475826972,Relatively Moderate,98.34605598,Very High,14.09033078880407,Very Low
45033,"Dillon County, South Carolina",SC,41,3.174849001084094,0.3676630013938361,84.31933842239185,Relatively Moderate,87.59541985,Very High,25.82697201017812,Relatively Low
45029,"Colleton County, South Carolina",SC,43,2.141114375342329,0.3584125877607927,85.46437659033079,Relatively Moderate,90.01272265,Very High,45.22900763358778,Relatively Moderate
45027,"Clarendon County, South Carolina",SC,114,7.085586425508111,0.3420970849648828,76.49491094147582,Relatively Low,90.90330789,Very High,28.848600508905854,Relatively Low
48291,"Liberty County, Texas",TX,1084,30.0102433487445,0.3334348439965671,79.51653944020356,Relatively Low,67.11195929,Relatively High,19.147582697201017,Very Low
12051,"Hendry County, Florida",FL,470,29.103969286023904,0.3252213759365905,78.65776081424937,Relatively Low,90.29898219,Very High,0.6679389312977099,Very Low
37163,"Sampson County, North Carolina",NC,117,4.52576203001702,0.3243462788178864,90.20356234096693,Relatively Moderate,88.32697201,Very High,9.446564885496183,Very Low
45067,"Marion County, South Carolina",SC,71,4.894863840055153,0.3229231299551878,80.69338422391857,Relatively Low,93.82951654,Very High,26.8765903307888,Relatively Low
12027,"DeSoto County, Florida",FL,159,10.017641129032258,0.3176033266129032,81.64758269720102,Relatively Moderate,90.83969466,Very High,1.3994910941475829,Very Low
37017,"Bladen County, North Carolina",NC,93,6.083998429935889,0.3164333376946225,84.57379134860051,Relatively Moderate,78.81679389,Relatively High,30.08905852417303,Relatively Low
37061,"Duplin County, North Carolina",NC,127,5.322492770629898,0.3126021541427434,89.40839694656488,Relatively Moderate,83.49236641,Very High,6.23409669211196,Very Low
45075,"Orangeburg County, South Carolina",SC,89,2.143183952609146,0.3063789823488332,87.72264631043257,Relatively Moderate,94.78371501,Very High,47.391857506361326,Relatively Moderate
45059,"Laurens County, South Carolina",SC,869,27.133356230680363,0.3018702969369594,76.20865139949109,Relatively Low,73.12340967,Relatively High,29.42111959287532,Relatively Low
45031,"Darlington County, South Carolina",SC,210,7.055740348755166,0.301515304236804,72.264631043257,Relatively Low,82.69720102,Very High,61.76844783715013,Relatively High
37047,"Columbus County, North Carolina",NC,48,2.037092051097059,0.300428638119085,86.86386768447836,Relatively Moderate,88.26335878,Very High,23.18702290076336,Relatively Low
22075,"Plaquemines Parish, Louisiana",LA,47,4.827444535743632,0.2820460147904683,72.93256997455471,Relatively Low,59.44656489,Relatively Moderate,97.64631043256998,Very High
12063,"Jackson County, Florida",FL,179,8.885579548275006,0.2770414494911888,75.69974554707379,Relatively Low,78.72137405,Relatively High,26.431297709923665,Relatively Low
01127,"Walker County, Alabama",AL,12,0.3951788184153329,0.2708292168873081,82.60178117048346,Relatively Moderate,80.15267176,Very High,22.709923664122137,Relatively Low
48493,"Wilson County, Texas",TX,122,6.262833675564682,0.2628850102669404,75.54071246819338,Relatively Low,50.25445293,Relatively Moderate,49.42748091603054,Relatively Moderate
12039,"Gadsden County, Florida",FL,135,7.051817801922273,0.261961972419557,72.39185750636132,Relatively Low,95.03816794,Very High,33.81043256997455,Relatively Low
48213,"Henderson County, Texas",TX,169,4.038038803402466,0.2589840389945522,84.54198473282443,Relatively Moderate,83.23791349,Very High,38.61323155216285,Relatively Low
37083,"Halifax County, North Carolina",NC,74,2.97523319395304,0.2585236410421357,72.90076335877863,Relatively Low,93.12977099,Very High,21.024173027989825,Relatively Low
45053,"Jasper County, South Carolina",SC,1805,122.30654560238514,0.2552513890771107,78.5941475826972,Relatively Low,76.8129771,Relatively High,20.960559796437657,Relatively Low
47079,"Henry County, Tennessee",TN,18,1.053370786516854,0.2529845505617977,84.7328244274809,Relatively Moderate,82.22010178,Very High,31.48854961832061,Relatively Low
37137,"Pamlico County, North Carolina",NC,97,13.247746517344988,0.2504780114722753,72.36005089058524,Relatively Low,83.11068702,Very High,72.90076335877863,Relatively High
40041,"Delaware County, Oklahoma",OK,65,2.664371208394819,0.249918019347434,82.66539440203562,Relatively Moderate,90.9351145,Very High,5.820610687022901,Very Low
01121,"Talladega County, Alabama",AL,189,4.903105300023348,0.2477235582535606,84.66921119592875,Relatively Moderate,86.54580153,Very High,40.458015267175576,Relatively Moderate
22099,"St. Martin Parish, Louisiana",LA,51,2.140339096860836,0.2475658888702367,87.27735368956743,Relatively Moderate,87.97709924,Very High,81.42493638676844,Very High
22117,"Washington Parish, Louisiana",LA,0,0.0,0.2472130229954755,85.52798982188295,Relatively Moderate,97.20101781,Very High,34.9236641221374,Relatively Low
48055,"Caldwell County, Texas",TX,441,25.08247070867933,0.2451370720054601,79.77099236641222,Relatively Low,64.66284987,Relatively High,9.033078880407125,Very Low
37193,"Wilkes County, North Carolina",NC,153,4.805880135695439,0.2445344892574444,82.63358778625954,Relatively Moderate,86.00508906,Very High,26.39949109414758,Relatively Low
48373,"Polk County, Texas",TX,678,25.614870225546863,0.2422456458498621,75.57251908396947,Relatively Low,80.62977099,Very High,16.412213740458014,Very Low
12055,"Highlands County, Florida",FL,768,13.097979022767973,0.2417156988147011,89.44020356234097,Relatively Moderate,94.11577608,Very High,5.693384223918575,Very Low
48021,"Bastrop County, Texas",TX,2269,57.14501586661965,0.2402407696569788,81.1704834605598,Relatively Moderate,43.63867684,Relatively Moderate,26.494910941475823,Relatively Low
37191,"Wayne County, North Carolina",NC,954,17.830109335576115,0.2304083730492477,90.3944020356234,Relatively Moderate,72.96437659,Relatively High,37.595419847328245,Relatively Low
37171,"Surry County, North Carolina",NC,244,7.230272320502563,0.2303315850297804,73.56870229007633,Relatively Low,61.00508906,Relatively High,24.58651399491094,Relatively Low
22063,"Livingston Parish, Louisiana",LA,654,10.90345276004068,0.2270719061035994,94.46564885496184,Relatively High,35.0826972,Relatively Low,51.14503816793893,Relatively Moderate
01049,"DeKalb County, Alabama",AL,47,1.5179407680134354,0.2217162419662177,80.37531806615776,Relatively Low,74.68193384,Relatively High,13.454198473282442,Very Low
01115,"St. Clair County, Alabama",AL,413,10.52309730680052,0.2210869620607944,72.13740458015268,Relatively Low,30.4389313,Relatively Low,42.04834605597965,Relatively Moderate
37013,"Beaufort County, North Carolina",NC,119,4.851993802495311,0.2171980755117018,88.16793893129771,Relatively Moderate,78.05343511,Relatively High,55.62977099236641,Relatively Moderate
48001,"Anderson County, Texas",TX,13,0.6296009298721427,0.2159046881053855,73.6323155216285,Relatively Low,80.08905852,Very High,32.283715012722645,Relatively Low
01071,"Jackson County, Alabama",AL,49,1.9667656739182788,0.2155414626314521,79.03944020356234,Relatively Low,77.73536896,Relatively High,27.13104325699745,Relatively Low
48177,"Gonzales County, Texas",TX,11,1.2195121951219512,0.2151884700665188,85.65521628498728,Relatively Moderate,90.17175573,Very High,16.06234096692112,Very Low
37107,"Lenoir County, North Carolina",NC,131,4.873693217753637,0.2132519811004873,84.60559796437659,Relatively Moderate,89.82188295,Very High,51.84478371501272,Relatively Moderate
37141,"Pender County, North Carolina",NC,833,26.1587740233639,0.2113741992212033,86.92748091603053,Relatively Moderate,34.22391858,Relatively Low,65.7442748091603,Relatively High
12017,"Citrus County, Florida",FL,2102,24.75008536542288,0.2110939726124174,94.6882951653944,Relatively High,82.28371501,Very High,6.838422391857506,Very Low
01053,"Escambia County, Alabama",AL,8,0.4757373929590866,0.2102164605137964,85.01908396946564,Relatively Moderate,89.69465649,Very High,26.52671755725191,Relatively Low
22047,"Iberville Parish, Louisiana",LA,123,9.08151210868281,0.2092439456585942,73.72773536895674,Relatively Low,68.86132316,Relatively High,92.8117048346056,Very High
